anio,filas_Módulo 200,filas_Módulo 300,filas_Módulo 500,duplicados_Módulo 200,duplicados_Módulo 300,duplicados_Módulo 500,::rowname::
2014,124154,111741,87871,0,0,0,
2015,127474,113605,88084,0,0,0,
2016,138427,125139,97422,0,0,0,
2017,132657,119188,93185,0,0,0,
2018,139657,126761,99646,0,0,0,
2019,128276,116590,92094,0,0,0,
2020,126831,115777,91315,0,0,0,
2021,121067,109867,86806,0,0,0,
2022,121253,110257,87661,0,0,0,
2023,119747,108354,86654,0,0,0,
2024,117721,106619,85992,0,0,0,
2025,115145,104446,84853,0,0,0,
