variable,versiones,diagnostico
p301a,6,Aparecen códigos nuevos a mitad de la serie
t313a,4,Aparecen códigos nuevos a mitad de la serie
estrato,3,Solo cambia la redacción; los códigos son los mismos
p313,3,Solo cambia la redacción; los códigos son los mismos
p546,3,Solo cambia la redacción; los códigos son los mismos
p203,2,Aparecen códigos nuevos a mitad de la serie
dominio,1,Idéntica en los 12 años
ocu500,1,Idéntica en los 12 años
p204,1,Idéntica en los 12 años
p205,1,Idéntica en los 12 años
p206,1,Idéntica en los 12 años
p207,1,Idéntica en los 12 años
p209,1,Idéntica en los 12 años
p306,1,Idéntica en los 12 años
p307,1,Idéntica en los 12 años
p545,1,Idéntica en los 12 años
p547,1,Idéntica en los 12 años
