anio,tasa,tasa_inf,tasa_sup,nini_miles,n,n_nini
2015,18.623697280844883,17.91611613311545,19.331278428574315,1496.4306467478275,26253,4761
2016,18.440177959632823,17.80447419485014,19.075881724415506,1494.9075495948791,28808,5223
2017,18.556747391740945,17.896490502579823,19.217004280902064,1499.3149757168296,26805,4904
2018,18.325359531018236,17.656575727453113,18.99414333458336,1477.0846343650817,27741,4854
2019,17.45330387209052,16.807859759478937,18.0987479847021,1405.0619739665985,25457,4325
2020,28.338043754788277,27.317442812688945,29.35864469688761,2386.7701355414392,26116,6747
2021,19.7995843316354,19.014228403984294,20.58494025928651,1684.7224530009926,24657,4493
2022,19.220009963560972,18.474501360305627,19.965518566816318,1633.7040633661748,24599,4400
2023,19.030154778795264,18.288603475285605,19.771706082304924,1621.4616078635454,23888,4253
2024,18.248066085409796,17.524298245691668,18.971833925127925,1558.1667911703587,23034,4047
2025,17.75561358445639,17.024269558036227,18.48695761087655,1517.4627486346963,22168,3678
