dimension,categoria,a2015,a2025,cambio
Sexo,Mujeres,24.413977544248812,22.514719377882606,-1.8992581663662058
Sexo,Hombres,12.943081156938993,13.137141830586552,0.1940606736475594
Edad,25 a 29 años,18.658490765444085,20.10073454261783,1.4422437771737435
Edad,20 a 24 años,19.719112197224863,16.6527911685995,-3.0663210286253637
Edad,15 a 19 años,17.652190241094807,16.478252518628775,-1.1739377224660323
Área,Urbana,19.78319468736376,18.491528148322068,-1.2916665390416924
Área,Rural,14.307746225056004,14.321049051640347,0.013302826584343563
Región,Lima Metropolitana,21.102396530270795,18.773390409286023,-2.329006120984772
Región,Resto de la Costa,20.182100200051746,17.436290483333803,-2.745809716717943
Región,Selva,18.740027942108796,17.37704412742661,-1.3629838146821847
Región,Sierra,14.75985709233463,16.977370555589303,2.2175134632546722
Nivel educativo,Primaria o menos,28.371983148451807,41.54336506143125,13.171381912979445
Nivel educativo,Secundaria completa,29.919969470781588,29.924472629489795,0.004503158708207167
Nivel educativo,Superior no universitaria,14.093851869914657,14.079472228234499,-0.014379641680157818
Nivel educativo,Superior universitaria,9.981338668717571,9.611826482701877,-0.3695121860156938
Nivel educativo,Secundaria incompleta,9.807476431536713,6.848273703324757,-2.959202728211956
