anio,Principal,Sin corregir vacaciones,Solo abril a diciembre,15 a 24 años (ODS 8.6.1),Excluye capacitación,Estudia = solo matriculado
2015,18.623697280844883,21.31542315439618,17.556357923897522,18.609115938557387,15.33753665334926,18.182695261182136
2016,18.440177959632823,20.92877836550389,17.41666810198465,18.030527817492313,15.007777371750594,17.920435346546284
2017,18.556747391740945,21.55367756847234,17.59132208418364,18.09521431360372,15.203725257492515,17.97417527753504
2018,18.325359531018236,21.760888132170216,16.741378154915555,18.25269400633936,14.999541799520538,17.822064248211625
2019,17.45330387209052,20.87800625228608,16.029559012432077,16.633265185972242,14.325747735954582,17.106951214224196
2020,28.338043754788277,32.138782542446506,29.969321780244957,27.16180837991154,26.11861191299793,26.53850992210012
2021,19.7995843316354,23.03765161140021,18.105362282947578,18.986994651513175,17.378065872816105,19.414641506110996
2022,19.220009963560972,22.212528916628045,18.281861656691067,18.972385315862567,16.15722569591159,18.689163130636796
2023,19.030154778795264,22.822306512520743,17.988097905962945,18.542273888723095,15.975698542508123,18.53394247115034
2024,18.248066085409796,21.46072453332786,17.186453137695217,17.244819262672046,15.184828125385344,17.652248653147883
2025,17.75561358445639,21.290211702490534,16.452041979630255,16.565564193651237,14.886550408027407,17.126815281633466
