departamento,2015-2016,2024-2025,cambio
Amazonas,14.189732570974792,14.79453992568529,0.6048073547104984
Apurímac,12.311776815652951,11.975668804530956,-0.3361080111219952
Arequipa,19.280205560132003,17.557594841638466,-1.722610718493538
Ayacucho,16.586553529654626,16.730515257041137,0.14396172738651103
Cajamarca,15.751684581917589,17.41927181880351,1.66758723688592
Callao,22.934847868451786,20.892374903682576,-2.0424729647692104
Cusco,15.067942038902324,17.238820620891783,2.1708785819894594
Huancavelica,9.09950945164733,11.990232854711268,2.8907234030639373
Huánuco,16.104086189104905,18.14500068894794,2.0409144998430335
Ica,20.610273150071254,16.124137624105472,-4.486135525965782
Junín,14.234789977974009,13.412904319515576,-0.8218856584584326
La Libertad,18.898603877301138,17.263777515815466,-1.634826361485672
Lambayeque,21.249567871969578,19.943920828299404,-1.3056470436701737
Lima,19.855425875541226,18.703607619327652,-1.1518182562135735
Loreto,23.264714583447116,25.18910713638858,1.9243925529414625
Madre de Dios,16.989521369208514,12.983058466738193,-4.0064629024703216
Moquegua,17.008203848940166,16.96350193508769,-0.04470191385247446
Pasco,18.2269853802681,15.509077364429249,-2.7179080158388516
Piura,20.982411765073955,17.488093183154312,-3.494318581919643
Puno,14.230144203189674,20.346843758040187,6.116699554850513
San Martín,20.514381063049207,14.995362794662546,-5.519018268386661
Tacna,20.200078772179122,20.708531200860136,0.5084524286810144
Tumbes,23.45475782441676,23.767676711808775,0.3129188873920157
Ucayali,16.130609904123887,15.53313409784077,-0.597475806283116
Áncash,15.476565381350612,16.636818751744027,1.1602533703934146
